{ 
	"time_horizon" : 24,
	"objective" : {
		"name": "",
		"label": "rmse [MW]"
	},
	"controls": {
		"components": ["splitter1", 
		             "splitter2",
					 "hydrogen_storage"],
		"lb":   [0, 0, 0, 0, 0, 0, 0, 0, 0, 0, 0, 0,0, 0, 0, 0, 0, 0, 0, 0, 0, 0, 0, 0,
				 0, 0, 0, 0, 0, 0, 0, 0, 0, 0, 0, 0, 0, 0, 0, 0, 0, 0, 0, 0, 0, 0, 0, 0,
				 0, 0, 0, 0, 0, 0, 0, 0, 0, 0, 0, 0, 0, 0, 0, 0, 0, 0, 0, 0, 0, 0, 0, 0],
		"ub":   [1, 1, 1, 1, 1, 1, 1, 1, 1, 1, 1, 1, 1, 1, 1, 1, 1, 1, 1, 1, 1, 1, 1, 1,
		         1, 1, 1, 1, 1, 1, 1, 1, 1, 1, 1, 1, 1, 1, 1, 1, 1, 1, 1, 1, 1, 1, 1, 1,
				 0.05, 0.05, 0.05, 0.05, 0.05, 0.05, 0.05, 0.05, 0.05, 0.05, 0.05, 0.05,  0.05, 0.05, 0.05, 0.05, 0.05, 0.05, 0.05, 0.05, 0.05, 0.05, 0.05, 0.05],
		"init": [0.5001196025158741,0.35204038530321996,0.3435691006197494,0.46683449021869855,0.8037112671703824,0.9560237112876318,0.5817982398228863,0.37631766694347973,0.33404802666401046,0.414922043010941,0.6874148407149538,0.9896534027514364,0.6840328339558688,0.41323723324122374,0.33460388662210055,0.3773455159796267,0.5835962139239949,0.9582305844415587,0.8012378093237782,0.46579080273866175,0.3437865345020369,0.35240600780124914,0.5030927774008255,0.8668555078575348,
                 0.3689947364395339,0.26847716387643344,0.24913950356797662,0.45617623276871616,0.7646365587733294,0.7363918705529624,0.5542657597184132,0.2986200118025581,0.265790717610067,0.2997184900742536,0.7546293863442607,0.8217571505981994,0.7004536509089134,0.35803441396217306,0.24726324145983278,0.2887796769795668,0.569101488846482,0.772799299674782,0.81309670884859,0.4239639482414781,0.2701691745541101,0.23886520490977045,0.492176297646098,0.8245863129119364,
				 0.02383915112020196,0.02632197851722708,0.022182590843207242,0.0424990784299758,0.04908689585132431,0.030765555252685962,0.024295354416103986,0.0218067516438493,0.028577974636143078,0.034208868399093637,0.04958629946030206,0.0353311283723888,0.023282728877493965,0.026093343349887034,0.02543894874988578,0.03010283740319987,0.049153266031346524,0.04217663888747902,0.025623126952831823,0.02326846820191413,0.02875541307828316,0.025497198491829815,0.04572391331531738,0.03]
	},
	"step_size_control" : 1,
	"optimisation": {
		"optimiser": "trust-constr",
		"maxiter": 200,
		"finite_diff_step": 0.001
	}
		
}
	